299,0.908799,1.40345
300,0.915426,1.39321
301,0.919514,1.38243
302,0.921149,1.37112
303,0.920416,1.35929
304,0.917406,1.34696
305,0.912211,1.33415
306,0.904924,1.32087
307,0.895638,1.30713
308,0.884447,1.29296
309,0.871445,1.27835
310,0.856724,1.26333
311,0.840374,1.24791
312,0.822486,1.23209
313,0.803145,1.2159
314,0.782438,1.19933
315,0.760447,1.18241
316,0.737252,1.16514
317,0.712929,1.14753
318,0.687555,1.12959
319,0.661199,1.11133
320,0.633931,1.09274
321,0.605815,1.07385
322,0.576915,1.05466
323,0.547291,1.03517
324,0.516997,1.01539
325,0.48609,0.995332
326,0.454618,0.974994
327,0.422631,0.954388
328,0.390174,0.93352
329,0.35729,0.912397
330,0.324019,0.891031
331,0.290399,0.86943
332,0.256466,0.847608
333,0.222253,0.825577
334,0.187792,0.803356
335,0.153112,0.780964
336,0.118239,0.758423
337,0.0832002,0.73576
338,0.0480186,0.713007
339,0.0127162,0.6902
340,-0.0226864,0.667378
341,-0.0581704,0.644589
342,-0.0937181,0.621884
343,-0.129314,0.599317
344,-0.164942,0.57695
345,-0.200588,0.554844
346,-0.236242,0.533064
347,-0.27189,0.511675
348,-0.307522,0.49074
349,-0.343128,0.470318
350,-0.3787,0.450463
351,-0.41423,0.431223
352,-0.449711,0.412635
353,-0.485136,0.394731
354,-0.520499,0.377531
355,-0.555795,0.361048
356,-0.591019,0.345286
357,-0.626169,0.33024
358,-0.661239,0.315901
359,-0.696227,0.302253
360,-0.73113,0.289277
361,-0.765947,0.276948
362,-0.800675,0.265243
363,-0.835313,0.254133
364,-0.86986,0.243591
365,-0.904315,0.233589
366,-0.938677,0.2241
367,-0.972947,0.215097
368,-1.00712,0.206552
369,-1.04121,0.198441
370,-1.0752,0.190739
371,-1.1091,0.183424
372,-1.14291,0.176472
373,-1.17663,0.169865
374,-1.21027,0.163581
375,-1.24381,0.157603
376,-1.27727,0.151913
377,-1.31065,0.146496
378,-1.34394,0.141335
379,-1.37715,0.136417
380,-1.41028,0.131728
381,-1.44334,0.127256
382,-1.47632,0.122989
383,-1.50923,0.118916
384,-1.54206,0.115027
385,-1.57483,0.111312
386,-1.60753,0.107762
387,-1.64016,0.104369
388,-1.67274,0.101124
389,-1.70525,0.0980199
390,-1.73771,0.09505
391,-1.77011,0.0922076
392,-1.80246,0.0894862
393,-1.83476,0.0868802
394,-1.86701,0.084384
395,-1.89921,0.0819923
396,-1.93138,0.0797002
397,-1.9635,0.0775032
398,-1.99558,0.0753969
399,-2.02763,0.073377
400,-2.05965,0.0714397
401,-2.09163,0.0695814
402,-2.12359,0.0677984
403,-2.15552,0.0660876
404,-2.18743,0.0644457
405,-2.21932,0.0628698
406,-2.25119,0.0613571
407,-2.28305,0.0599048
408,-2.31489,0.0585105
409,-2.34672,0.0571718
410,-2.37855,0.0558862
411,-2.41037,0.0546518
412,-2.44218,0.0534663
413,-2.474,0.0523278
414,-2.50581,0.0512344
415,-2.53764,0.0501843
416,-2.56946,0.0491759
417,-2.6013,0.0482075
418,-2.63315,0.0472775
419,-2.66501,0.0463845
420,-2.69689,0.045527
421,-2.72879,0.0447037
422,-2.7607,0.0439134
423,-2.79264,0.0431546
424,-2.82461,0.0424264
425,-2.8566,0.0417276
426,-2.88863,0.041057
427,-2.92069,0.0404137
428,-2.95278,0.0397967
429,-2.98491,0.0392049
430,-3.01707,0.0386376
431,-3.04928,0.0380938
432,-3.08154,0.0375728
433,-3.11384,0.0370736
434,-3.14618,0.0365956
435,-3.17858,0.036138
436,-3.21103,0.0357001
437,-3.24354,0.0352813
438,-3.2761,0.0348808
439,-3.30872,0.034498
440,-3.34141,0.0341325
441,-3.37416,0.0337835
442,-3.40697,0.0334505
443,-3.43985,0.033133
444,-3.4728,0.0328305
445,-3.50583,0.0325425
446,-3.53893,0.0322685
447,-3.5721,0.0320081
448,-3.60536,0.0317607
449,-3.63869,0.0315261
450,-3.67211,0.0313038
451,-3.70561,0.0310933
452,-3.73921,0.0308944
453,-3.77289,0.0307067
454,-3.80666,0.0305297
455,-3.84052,0.0303632
456,-3.87449,0.0302069
457,-3.90854,0.0300604
458,-3.9427,0.0299234
459,-3.97697,0.0297957
460,-4.01133,0.0296769
461,-4.0458,0.0295668
462,-4.08039,0.0294651
463,-4.11508,0.0293716
464,-4.14988,0.029286
465,-4.1848,0.0292081
466,-4.21984,0.0291377
467,-4.25499,0.0290745
468,-4.29027,0.0290183
469,-4.32567,0.028969
470,-4.3612,0.0289262
471,-4.39685,0.02889
472,-4.43263,0.0288599
473,-4.46855,0.028836
474,-4.5046,0.0288179
475,-4.54078,0.0288056
476,-4.57711,0.0287989
477,-4.61357,0.0287975
478,-4.65018,0.0288015
479,-4.68693,0.0288105
480,-4.72383,0.0288246
481,-4.76088,0.0288434
482,-4.79808,0.028867
483,-4.83544,0.0288952
484,-4.87295,0.0289279
485,-4.91061,0.0289649
486,-4.94844,0.0290061
487,-4.98644,0.0290514
488,-5.02459,0.0291008
489,-5.06292,0.029154
490,-5.10141,0.0292111
491,-5.14007,0.0292718
492,-5.17891,0.0293362
493,-5.21793,0.0294041
494,-5.25712,0.0294754
495,-5.2965,0.0295501
496,-5.33606,0.029628
497,-5.3758,0.0297092
498,-5.41574,0.0297934
499,-5.45586,0.0298807
500,-5.49617,0.0299709
501,-5.53669,0.030064
502,-5.5774,0.0301599
503,-5.61831,0.0302586
504,-5.65942,0.03036
505,-5.70074,0.030464
506,-5.74226,0.0305706
507,-5.784,0.0306798
508,-5.82595,0.0307913
509,-5.86811,0.0309053
510,-5.91049,0.0310216
511,-5.9531,0.0311403
512,-5.99592,0.0312612
513,-6.03898,0.0313843
514,-6.08226,0.0315095
515,-6.12577,0.0316369
516,-6.16951,0.0317664
517,-6.2135,0.0318979
518,-6.25772,0.0320314
519,-6.30218,0.0321668
520,-6.34689,0.0323042
521,-6.39184,0.0324435
522,-6.43705,0.0325846
523,-6.48251,0.0327275
524,-6.52823,0.0328723
525,-6.5742,0.0330188
526,-6.62044,0.033167
527,-6.66694,0.0333169
528,-6.71371,0.0334685
529,-6.76075,0.0336218
530,-6.80807,0.0337766
531,-6.85566,0.0339331
532,-6.90354,0.0340912
533,-6.95169,0.0342508
534,-7.00014,0.0344119
535,-7.04887,0.0345745
536,-7.0979,0.0347387
537,-7.14722,0.0349043
538,-7.19684,0.0350713
539,-7.24677,0.0352398
540,-7.297,0.0354097
541,-7.34754,0.0355811
542,-7.3984,0.0357538
543,-7.44957,0.0359279
544,-7.50106,0.0361033
545,-7.55288,0.0362801
546,-7.60502,0.0364583
547,-7.65749,0.0366377
548,-7.7103,0.0368185
549,-7.76345,0.0370006
550,-7.81693,0.037184
551,-7.87077,0.0373687
552,-7.92495,0.0375547
553,-7.97949,0.0377419
554,-8.03438,0.0379304
555,-8.08964,0.0381202
556,-8.14526,0.0383112
557,-8.20125,0.0385035
558,-8.25761,0.038697
559,-8.31435,0.0388917
560,-8.37147,0.0390877
561,-8.42898,0.0392849
562,-8.48688,0.0394834
563,-8.54517,0.0396831
564,-8.60386,0.039884
565,-8.66296,0.0400861
566,-8.72246,0.0402895
567,-8.78238,0.0404941
568,-8.84271,0.0406999
569,-8.90346,0.0409069
570,-8.96464,0.0411152
571,-9.02625,0.0413247
572,-9.0883,0.0415354
573,-9.15079,0.0417474
574,-9.21372,0.0419606
575,-9.2771,0.042175
576,-9.34094,0.0423907
577,-9.40524,0.0426077
578,-9.47001,0.0428259
579,-9.53525,0.0430453
580,-9.60096,0.043266
581,-9.66716,0.043488
582,-9.73384,0.0437113
583,-9.80102,0.0439359
584,-9.86869,0.0441617
585,-9.93687,0.0443888
586,-10.0056,0.0446173
587,-10.0748,0.0448471
588,-10.1445,0.0450781
589,-10.2147,0.0453106
590,-10.2855,0.0455443
591,-10.3569,0.0457795
592,-10.4287,0.046016
593,-10.5012,0.0462538
594,-10.5742,0.0464931
595,-10.6477,0.0467337
596,-10.7218,0.0469758
597,-10.7965,0.0472193
598,-10.8718,0.0474642
599,-10.9477,0.0477105
600,-11.0242,0.0479584
601,-11.1013,0.0482077
602,-11.179,0.0484585
603,-11.2573,0.0487108
604,-11.3362,0.0489646
605,-11.4158,0.04922
606,-11.496,0.0494769
607,-11.5769,0.0497354
608,-11.6585,0.0499955
609,-11.7407,0.0502571
610,-11.8235,0.0505205
611,-11.9071,0.0507854
612,-11.9913,0.051052
613,-12.0763,0.0513203
614,-12.162,0.0515903
615,-12.2483,0.051862
616,-12.3354,0.0521354
617,-12.4233,0.0524106
618,-12.5118,0.0526876
619,-12.6012,0.0529664
620,-12.6912,0.053247
621,-12.7821,0.0535295
622,-12.8737,0.0538139
623,-12.9662,0.0541001
624,-13.0594,0.0543883
625,-13.1534,0.0546784
626,-13.2483,0.0549705
627,-13.344,0.0552645
628,-13.4405,0.0555606
629,-13.5379,0.0558588
630,-13.6361,0.056159
631,-13.7353,0.0564614
632,-13.8353,0.0567659
633,-13.9362,0.0570725
634,-14.038,0.0573813
635,-14.1407,0.0576924
636,-14.2443,0.0580057
637,-14.3489,0.0583213
638,-14.4545,0.0586393
639,-14.561,0.0589596
640,-14.6685,0.0592822
641,-14.777,0.0596073
642,-14.8865,0.0599349
643,-14.997,0.0602649
644,-15.1086,0.0605975
645,-15.2212,0.0609327
646,-15.3348,0.0612704
647,-15.4496,0.0616108
648,-15.5654,0.0619538
649,-15.6823,0.0622996
650,-15.8004,0.0626482
651,-15.9195,0.0629995
652,-16.0399,0.0633537
653,-16.1614,0.0637108
654,-16.284,0.0640708
655,-16.4079,0.0644338
656,-16.533,0.0647999
657,-16.6593,0.065169
658,-16.7869,0.0655412
659,-16.9158,0.0659165
660,-17.0459,0.0662951
661,-17.1773,0.066677
662,-17.31,0.0670622
663,-17.4441,0.0674507
664,-17.5796,0.0678427
665,-17.7164,0.0682381
666,-17.8546,0.0686371
667,-17.9942,0.0690397
668,-18.1353,0.0694459
669,-18.2778,0.0698558
670,-18.4219,0.0702695
671,-18.5674,0.070687
672,-18.7144,0.0711085
673,-18.863,0.0715338
674,-19.0131,0.0719632
675,-19.1649,0.0723967
676,-19.3182,0.0728344
677,-19.4733,0.0732762
678,-19.6299,0.0737224
679,-19.7883,0.0741729
680,-19.9484,0.0746279
681,-20.1102,0.0750874
682,-20.2738,0.0755515
683,-20.4391,0.0760202
684,-20.6064,0.0764938
685,-20.7754,0.0769721
686,-20.9464,0.0774554
687,-21.1192,0.0779437
688,-21.294,0.0784371
689,-21.4708,0.0789356
690,-21.6495,0.0794395
691,-21.8303,0.0799487
692,-22.0132,0.0804633
693,-22.1982,0.0809836
694,-22.3853,0.0815095
695,-22.5745,0.0820411
696,-22.766,0.0825786
697,-22.9597,0.0831221
698,-23.1557,0.0836717
699,-23.354,0.0842275
700,-23.5547,0.0847896
